Feature,Importance
IPV,0.7773744554334077
IPP,0.14472866164437753
IAA,0.04658423092613395
IPS,0.02799655984897661
IAN,0.0033160921471043488
